/*
  # Add Comprehensive Dummy Data for Testing

  Creates realistic dummy data across all tables to test KPI charts and dashboard functionality.
  
  1. Companies
    - 5 different startups at various stages
    - Different industries and funding goals
    
  2. Complete Data Sets
    - Founders for each company
    - Financial models with realistic metrics
    - KPI metrics with time-series data
    - Pitch deck summaries
    - Go-to-market strategies
*/

-- Insert dummy companies
INSERT INTO companies (id, user_id, name, industry_name, sub_industry_name, country, geo_region, startup_stage, valuation_target_usd, funding_goal_usd, incorporation_year, pitch_deck_summary, gpt_pitch_score, created_at) VALUES
('550e8400-e29b-41d4-a716-446655440001', null, 'DataFlow AI', 'SaaS', 'AI/ML Analytics', 'United States', 'North America', 'Series A', 15000000, 5000000, 2022, 'AI-powered data analytics platform for enterprise customers. Helping companies make data-driven decisions with real-time insights.', 8.5, '2024-01-15 10:00:00+00'),
('550e8400-e29b-41d4-a716-446655440002', null, 'GreenTech Solutions', 'CleanTech', 'Solar Energy', 'Germany', 'Europe', 'Seed', 8000000, 2000000, 2023, 'Revolutionary solar panel efficiency technology that increases energy output by 40%. Targeting residential and commercial markets.', 7.8, '2024-02-10 14:30:00+00'),
('550e8400-e29b-41d4-a716-446655440003', null, 'HealthLink Pro', 'HealthTech', 'Telemedicine', 'Canada', 'North America', 'Series B', 50000000, 12000000, 2021, 'Comprehensive telemedicine platform connecting patients with specialists. HIPAA-compliant with AI-powered triage system.', 9.2, '2024-03-05 09:15:00+00'),
('550e8400-e29b-41d4-a716-446655440004', null, 'FinSecure Wallet', 'FinTech', 'Digital Payments', 'Singapore', 'Asia Pacific', 'Pre-seed', 3000000, 500000, 2024, 'Next-generation digital wallet with biometric security and cross-border payment capabilities. Targeting emerging markets.', 6.9, '2024-04-20 16:45:00+00'),
('550e8400-e29b-41d4-a716-446655440005', null, 'EduStream', 'EdTech', 'Online Learning', 'United Kingdom', 'Europe', 'Series A', 25000000, 8000000, 2022, 'Interactive online learning platform with personalized AI tutoring. Serving K-12 and higher education markets globally.', 8.1, '2024-05-12 11:20:00+00');

-- Insert founders for each company
INSERT INTO founders (id, company_id, full_name, linkedin_url, education_history, past_exits, domain_experience_yrs, technical_skills, founder_fit_score, notable_achievements) VALUES
-- DataFlow AI founders
('660e8400-e29b-41d4-a716-446655440001', '550e8400-e29b-41d4-a716-446655440001', 'Sarah Chen', 'https://linkedin.com/in/sarahchen', ARRAY['MIT - Computer Science', 'Stanford - MBA'], '{"exits": [{"company": "AnalyticsPro", "valuation": 45000000, "year": 2019}]}', 12, ARRAY['Python', 'Machine Learning', 'AWS', 'Kubernetes'], 9.1, 'Former VP of Engineering at Google Analytics, Led team of 50+ engineers'),
('660e8400-e29b-41d4-a716-446655440002', '550e8400-e29b-41d4-a716-446655440001', 'Marcus Rodriguez', 'https://linkedin.com/in/marcusrodriguez', ARRAY['Harvard - Business', 'UC Berkeley - Economics'], null, 8, ARRAY['Business Development', 'Sales', 'Strategy'], 8.7, 'Built $100M+ revenue pipeline at Salesforce, Y Combinator mentor'),

-- GreenTech Solutions founders  
('660e8400-e29b-41d4-a716-446655440003', '550e8400-e29b-41d4-a716-446655440002', 'Dr. Elena Müller', 'https://linkedin.com/in/elenamuller', ARRAY['TU Munich - Materials Science PhD', 'ETH Zurich - Engineering'], null, 15, ARRAY['Materials Science', 'Solar Technology', 'R&D Management'], 9.3, 'Published 40+ papers on solar efficiency, Former Siemens Chief Scientist'),
('660e8400-e29b-41d4-a716-446655440004', '550e8400-e29b-41d4-a716-446655440002', 'James Thompson', 'https://linkedin.com/in/jamesthompson', ARRAY['Cambridge - MBA', 'Imperial College - Engineering'], null, 10, ARRAY['Business Operations', 'Manufacturing', 'Supply Chain'], 8.2, 'Scaled Tesla solar operations in Europe, McKinsey energy practice'),

-- HealthLink Pro founders
('660e8400-e29b-41d4-a716-446655440005', '550e8400-e29b-41d4-a716-446655440003', 'Dr. Priya Patel', 'https://linkedin.com/in/priyapatel', ARRAY['Johns Hopkins - Medicine', 'Wharton - Healthcare Management'], null, 18, ARRAY['Healthcare', 'Digital Health', 'Medical Devices'], 9.5, 'Former Chief Medical Officer at Teladoc, Board certified in Internal Medicine'),
('660e8400-e29b-41d4-a716-446655440006', '550e8400-e29b-41d4-a716-446655440003', 'Alex Kim', 'https://linkedin.com/in/alexkim', ARRAY['Stanford - Computer Science', 'MIT - AI/ML'], null, 12, ARRAY['Full Stack Development', 'AI/ML', 'Healthcare IT', 'HIPAA Compliance'], 8.9, 'Former Lead Engineer at Epic Systems, Built HIPAA-compliant platforms for 50M+ patients'),

-- FinSecure Wallet founders
('660e8400-e29b-41d4-a716-446655440007', '550e8400-e29b-41d4-a716-446655440004', 'Li Wei', 'https://linkedin.com/in/liwei', ARRAY['NUS Singapore - Computer Science', 'INSEAD - MBA'], null, 7, ARRAY['Blockchain', 'Cryptography', 'Mobile Development'], 7.8, 'Former PayPal security engineer, Expert in biometric authentication systems'),
('660e8400-e29b-41d4-a716-446655440008', '550e8400-e29b-41d4-a716-446655440004', 'Maria Santos', 'https://linkedin.com/in/mariasantos', ARRAY['LSE - Finance', 'Harvard - MBA'], null, 9, ARRAY['Financial Services', 'Regulatory Compliance', 'Product Management'], 8.1, 'Former VP at JP Morgan Chase, Led fintech partnerships across APAC'),

-- EduStream founders
('660e8400-e29b-41d4-a716-446655440009', '550e8400-e29b-41d4-a716-446655440005', 'Robert Wilson', 'https://linkedin.com/in/robertwilson', ARRAY['Oxford - Education', 'Harvard - Technology in Education'], null, 14, ARRAY['Educational Technology', 'Curriculum Design', 'Learning Analytics'], 8.6, 'Former Head of Digital Learning at Pearson, Designed curricula for 10M+ students'),
('660e8400-e29b-41d4-a716-446655440010', '550e8400-e29b-41d4-a716-446655440005', 'Amy Zhang', 'https://linkedin.com/in/amyzhang', ARRAY['MIT - Computer Science', 'Stanford - Human-Computer Interaction'], null, 10, ARRAY['Frontend Development', 'UX/UI Design', 'Educational Software'], 8.3, 'Former Principal Designer at Khan Academy, Designed learning experiences for 100M+ users');

-- Insert financial models for each company
INSERT INTO financial_models (id, company_id, file_url, monthly_revenue_usd, burn_rate_usd, ltv_cac_ratio, runway_months, revenue_model_notes, tam_sam_som_json, model_quality_score) VALUES
('770e8400-e29b-41d4-a716-446655440001', '550e8400-e29b-41d4-a716-446655440001', null, 125000, 85000, 4.2, 18, 'SaaS subscription model with enterprise annual contracts. Growing 15% MoM with strong retention.', '{"tam": 50000000000, "sam": 5000000000, "som": 500000000}', 8.7),
('770e8400-e29b-41d4-a716-446655440002', '550e8400-e29b-41d4-a716-446655440002', null, 35000, 55000, 2.8, 12, 'B2B sales model with hardware + software licensing. Long sales cycles but high contract values.', '{"tam": 150000000000, "sam": 8000000000, "som": 300000000}', 7.4),
('770e8400-e29b-41d4-a716-446655440003', '550e8400-e29b-41d4-a716-446655440003', null, 450000, 180000, 6.1, 24, 'Subscription + transaction fees. Strong network effects driving viral growth and retention.', '{"tam": 75000000000, "sam": 12000000000, "som": 800000000}', 9.2),
('770e8400-e29b-41d4-a716-446655440004', '550e8400-e29b-41d4-a716-446655440004', null, 8500, 45000, 1.9, 6, 'Freemium model with transaction fees. Early stage with rapid user acquisition but low monetization.', '{"tam": 200000000000, "sam": 15000000000, "som": 600000000}', 6.1),
('770e8400-e29b-41d4-a716-446655440005', '550e8400-e29b-41d4-a716-446655440005', null, 95000, 75000, 3.8, 15, 'B2B2C licensing model with institutional subscriptions. Strong recurring revenue base.', '{"tam": 40000000000, "sam": 6000000000, "som": 400000000}', 8.1);

-- Insert comprehensive metrics for each company (time series data)
INSERT INTO metrics (id, company_id, metric_name, metric_value, metric_unit, as_of_date) VALUES
-- DataFlow AI metrics
('880e8400-e29b-41d4-a716-446655440001', '550e8400-e29b-41d4-a716-446655440001', 'Monthly Recurring Revenue', 125000, 'USD', '2024-06-01'),
('880e8400-e29b-41d4-a716-446655440002', '550e8400-e29b-41d4-a716-446655440001', 'Customer Acquisition Cost', 850, 'USD', '2024-06-01'),
('880e8400-e29b-41d4-a716-446655440003', '550e8400-e29b-41d4-a716-446655440001', 'Customer Lifetime Value', 3570, 'USD', '2024-06-01'),
('880e8400-e29b-41d4-a716-446655440004', '550e8400-e29b-41d4-a716-446655440001', 'Monthly Active Users', 2850, 'count', '2024-06-01'),
('880e8400-e29b-41d4-a716-446655440005', '550e8400-e29b-41d4-a716-446655440001', 'Churn Rate', 2.1, '%', '2024-06-01'),
('880e8400-e29b-41d4-a716-446655440006', '550e8400-e29b-41d4-a716-446655440001', 'Net Revenue Retention', 118, '%', '2024-06-01'),

-- GreenTech Solutions metrics
('880e8400-e29b-41d4-a716-446655440007', '550e8400-e29b-41d4-a716-446655440002', 'Monthly Recurring Revenue', 35000, 'USD', '2024-06-01'),
('880e8400-e29b-41d4-a716-446655440008', '550e8400-e29b-41d4-a716-446655440002', 'Customer Acquisition Cost', 2200, 'USD', '2024-06-01'),
('880e8400-e29b-41d4-a716-446655440009', '550e8400-e29b-41d4-a716-446655440002', 'Customer Lifetime Value', 6160, 'USD', '2024-06-01'),
('880e8400-e29b-41d4-a716-446655440010', '550e8400-e29b-41d4-a716-446655440002', 'Installations Completed', 87, 'count', '2024-06-01'),
('880e8400-e29b-41d4-a716-446655440011', '550e8400-e29b-41d4-a716-446655440002', 'Energy Output Improvement', 38.5, '%', '2024-06-01'),

-- HealthLink Pro metrics
('880e8400-e29b-41d4-a716-446655440012', '550e8400-e29b-41d4-a716-446655440003', 'Monthly Recurring Revenue', 450000, 'USD', '2024-06-01'),
('880e8400-e29b-41d4-a716-446655440013', '550e8400-e29b-41d4-a716-446655440003', 'Customer Acquisition Cost', 320, 'USD', '2024-06-01'),
('880e8400-e29b-41d4-a716-446655440014', '550e8400-e29b-41d4-a716-446655440003', 'Customer Lifetime Value', 1952, 'USD', '2024-06-01'),
('880e8400-e29b-41d4-a716-446655440015', '550e8400-e29b-41d4-a716-446655440003', 'Active Patients', 15800, 'count', '2024-06-01'),
('880e8400-e29b-41d4-a716-446655440016', '550e8400-e29b-41d4-a716-446655440003', 'Consultations Per Month', 8750, 'count', '2024-06-01'),
('880e8400-e29b-41d4-a716-446655440017', '550e8400-e29b-41d4-a716-446655440003', 'Patient Satisfaction Score', 4.7, 'rating', '2024-06-01'),

-- FinSecure Wallet metrics
('880e8400-e29b-41d4-a716-446655440018', '550e8400-e29b-41d4-a716-446655440004', 'Monthly Recurring Revenue', 8500, 'USD', '2024-06-01'),
('880e8400-e29b-41d4-a716-446655440019', '550e8400-e29b-41d4-a716-446655440004', 'Customer Acquisition Cost', 95, 'USD', '2024-06-01'),
('880e8400-e29b-41d4-a716-446655440020', '550e8400-e29b-41d4-a716-446655440004', 'Customer Lifetime Value', 180, 'USD', '2024-06-01'),
('880e8400-e29b-41d4-a716-446655440021', '550e8400-e29b-41d4-a716-446655440004', 'Active Wallet Users', 12500, 'count', '2024-06-01'),
('880e8400-e29b-41d4-a716-446655440022', '550e8400-e29b-41d4-a716-446655440004', 'Transaction Volume', 285000, 'USD', '2024-06-01'),
('880e8400-e29b-41d4-a716-446655440023', '550e8400-e29b-41d4-a716-446655440004', 'Transaction Success Rate', 99.2, '%', '2024-06-01'),

-- EduStream metrics
('880e8400-e29b-41d4-a716-446655440024', '550e8400-e29b-41d4-a716-446655440005', 'Monthly Recurring Revenue', 95000, 'USD', '2024-06-01'),
('880e8400-e29b-41d4-a716-446655440025', '550e8400-e29b-41d4-a716-446655440005', 'Customer Acquisition Cost', 180, 'USD', '2024-06-01'),
('880e8400-e29b-41d4-a716-446655440026', '550e8400-e29b-41d4-a716-446655440005', 'Customer Lifetime Value', 684, 'USD', '2024-06-01'),
('880e8400-e29b-41d4-a716-446655440027', '550e8400-e29b-41d4-a716-446655440005', 'Active Students', 45000, 'count', '2024-06-01'),
('880e8400-e29b-41d4-a716-446655440028', '550e8400-e29b-41d4-a716-446655440005', 'Course Completion Rate', 78.5, '%', '2024-06-01'),
('880e8400-e29b-41d4-a716-446655440029', '550e8400-e29b-41d4-a716-446655440005', 'Student Engagement Score', 4.3, 'rating', '2024-06-01');

-- Insert pitch deck data
INSERT INTO pitch_decks (id, company_id, file_url, upload_timestamp, slide_text_blocks, core_problem, core_solution, customer_segment, market_trends_json, product_summary_md, deck_quality_score) VALUES
('990e8400-e29b-41d4-a716-446655440001', '550e8400-e29b-41d4-a716-446655440001', null, '2024-01-15 10:00:00+00', '{"slides": ["Problem: Data scattered across systems", "Solution: Unified analytics platform", "Market: $50B+ market opportunity"]}', 'Enterprise data is scattered across multiple systems making it impossible to get real-time insights for decision making.', 'AI-powered unified analytics platform that aggregates data from all sources and provides real-time insights with natural language queries.', 'Medium to large enterprises (1000+ employees) with complex data infrastructure, particularly in finance, retail, and manufacturing sectors.', '{"trends": ["AI adoption growing 40% YoY", "Data analytics market expanding", "Remote work driving digitization"]}', '# DataFlow AI Platform\n\nComprehensive analytics solution that transforms how enterprises understand their data.\n\n## Key Features\n- Real-time data aggregation\n- Natural language queries\n- Predictive analytics\n- Custom dashboards', 8.5),
('990e8400-e29b-41d4-a716-446655440002', '550e8400-e29b-41d4-a716-446655440002', null, '2024-02-10 14:30:00+00', '{"slides": ["Problem: Solar inefficiency costs", "Solution: Revolutionary panel technology", "Market: $150B+ renewable energy"]}', 'Current solar panels are only 20-22% efficient, leaving massive amounts of clean energy unharvested and making solar adoption slower.', 'Breakthrough solar panel technology using advanced materials that increases efficiency to 30%+ while reducing manufacturing costs.', 'Residential homeowners and commercial property owners looking to maximize renewable energy ROI and reduce electricity costs.', '{"trends": ["Solar market growing 25% annually", "Government incentives increasing", "Climate consciousness rising"]}', '# GreenTech Solar Solutions\n\nNext-generation solar technology that maximizes energy output.\n\n## Innovation\n- 40% efficiency improvement\n- Lower manufacturing costs\n- Faster payback periods\n- Weather resistance', 7.8),
('990e8400-e29b-41d4-a716-446655440003', '550e8400-e29b-41d4-a716-446655440003', null, '2024-03-05 09:15:00+00', '{"slides": ["Problem: Healthcare access barriers", "Solution: Comprehensive telemedicine", "Market: $75B+ telehealth market"]}', 'Millions lack access to specialist healthcare due to geographic barriers, long wait times, and high costs, leading to poor health outcomes.', 'Comprehensive telemedicine platform with AI-powered triage that connects patients to the right specialists instantly with full HIPAA compliance.', 'Patients in underserved areas, busy professionals, elderly populations, and healthcare systems looking to expand reach and reduce costs.', '{"trends": ["Telemedicine adoption up 3800%", "Healthcare digitization accelerating", "Specialist shortages growing"]}', '# HealthLink Pro Platform\n\nRevolutionizing healthcare access through technology.\n\n## Core Features\n- AI-powered patient triage\n- Specialist matching\n- Integrated EHR systems\n- Mobile-first design\n- Insurance integration', 9.2),
('990e8400-e29b-41d4-a716-446655440004', '550e8400-e29b-41d4-a716-446655440004', null, '2024-04-20 16:45:00+00', '{"slides": ["Problem: Financial inclusion gaps", "Solution: Secure digital wallet", "Market: $200B+ fintech opportunity"]}', 'Billions in emerging markets lack access to basic financial services due to inadequate banking infrastructure and security concerns.', 'Biometric-secured digital wallet that enables secure payments, savings, and cross-border transfers without traditional banking requirements.', 'Unbanked and underbanked populations in emerging markets, migrant workers, and small businesses needing secure payment solutions.', '{"trends": ["Digital payments growing 15% annually", "Financial inclusion initiatives expanding", "Mobile penetration increasing"]}', '# FinSecure Wallet\n\nSecure financial inclusion for everyone.\n\n## Security Features\n- Biometric authentication\n- Blockchain security\n- Offline capabilities\n- Cross-border payments\n- Micro-savings tools', 6.9),
('990e8400-e29b-41d4-a716-446655440005', '550e8400-e29b-41d4-a716-446655440005', null, '2024-05-12 11:20:00+00', '{"slides": ["Problem: One-size-fits-all education", "Solution: Personalized AI learning", "Market: $40B+ EdTech market"]}', 'Traditional education systems fail to adapt to individual learning styles and paces, leading to poor outcomes and student disengagement.', 'AI-powered learning platform that personalizes content, pace, and teaching methods for each student while providing real-time analytics to educators.', 'K-12 schools, higher education institutions, corporate training departments, and individual learners seeking personalized education.', '{"trends": ["EdTech investment up 40%", "Personalized learning demand growing", "Remote education normalizing"]}', '# EduStream Learning Platform\n\nPersonalized education powered by AI.\n\n## Learning Features\n- Adaptive content delivery\n- Real-time progress tracking\n- Multi-modal learning paths\n- Educator analytics\n- Collaborative tools', 8.1);

-- Insert go-to-market strategies
INSERT INTO go_to_market (company_id, gtm_channels, gtm_notes_md, gtm_strength_score) VALUES
('550e8400-e29b-41d4-a716-446655440001', ARRAY['Enterprise Sales', 'Partner Channel', 'Content Marketing', 'Industry Conferences'], '# Go-to-Market Strategy\n\n## Primary Channels\n- **Direct Enterprise Sales**: Target Fortune 1000 companies\n- **Partner Ecosystem**: Integration partnerships with Salesforce, Microsoft\n- **Thought Leadership**: CTO speaking at major data conferences\n\n## Sales Process\n- 6-month enterprise sales cycle\n- Proof-of-concept driven approach\n- $50K+ annual contract values', 8.2),
('550e8400-e29b-41d4-a716-446655440002', ARRAY['Direct Sales', 'Installer Partnerships', 'Digital Marketing', 'Trade Shows'], '# Go-to-Market Strategy\n\n## Channel Strategy\n- **B2B Direct Sales**: Target commercial property owners\n- **Installer Network**: Partner with solar installation companies\n- **Digital Presence**: SEO-optimized content for solar keywords\n\n## Geographic Rollout\n- Start in Germany and Netherlands\n- Expand to UK and France by Q3\n- US market entry planned for 2025', 7.5),
('550e8400-e29b-41d4-a716-446655440003', ARRAY['Healthcare Partnerships', 'Digital Marketing', 'Medical Conferences', 'Referral Program'], '# Go-to-Market Strategy\n\n## Healthcare-First Approach\n- **Hospital Systems**: Direct partnerships with major health networks\n- **Physician Networks**: Referral programs for primary care doctors\n- **Insurance Integration**: Direct billing partnerships\n\n## Expansion Strategy\n- Geographic expansion across Canada\n- Specialty-specific platforms (cardiology, dermatology)\n- International markets with regulatory approval', 8.8),
('550e8400-e29b-41d4-a716-446655440004', ARRAY['Mobile App Stores', 'Influencer Marketing', 'Community Partnerships', 'Remittance Partnerships'], '# Go-to-Market Strategy\n\n## Bottom-Up Adoption\n- **Mobile-First**: App store optimization and user acquisition\n- **Community Outreach**: Partnerships with diaspora organizations\n- **Remittance Corridors**: Focus on high-volume money transfer routes\n\n## Viral Growth\n- Referral bonuses for new users\n- Network effects from P2P payments\n- Localized marketing in key markets', 6.8),
('550e8400-e29b-41d4-a716-446655440005', ARRAY['Institutional Sales', 'Online Marketing', 'Educational Conferences', 'Free Trial'], '# Go-to-Market Strategy\n\n## B2B2C Model\n- **School Districts**: Direct sales to educational institutions\n- **Corporate Training**: Enterprise learning and development\n- **Consumer Direct**: Freemium model for individual learners\n\n## Content Strategy\n- Educational content marketing\n- Teacher and administrator webinars\n- Student success case studies\n- Free resources and tools', 7.9);

-- Insert VC fit reports
INSERT INTO vc_fit_reports (id, company_id, matched_vcs_json, similar_startup_cases, requirements_to_improve, fit_score_breakdown, investor_synopsis_md, funding_probability) VALUES
('aa0e8400-e29b-41d4-a716-446655440001', '550e8400-e29b-41d4-a716-446655440001', '{"matches": [{"name": "Andreessen Horowitz", "fit_score": 92, "focus": "Enterprise SaaS"}, {"name": "Sequoia Capital", "fit_score": 88, "focus": "B2B Analytics"}, {"name": "Bessemer Venture Partners", "fit_score": 85, "focus": "Cloud Software"}]}', ARRAY['Looker ($2.6B acquisition by Google)', 'Tableau ($15.7B acquisition by Salesforce)', 'Palantir (IPO at $16B valuation)'], ARRAY['Increase enterprise logo count to 50+', 'Demonstrate $2M+ ARR', 'Build strategic partnerships'], '{"team": 9.1, "market": 8.7, "product": 8.5, "traction": 7.8, "financials": 8.2}', '# Investor Synopsis - DataFlow AI\n\n## Investment Highlights\n- **Strong Team**: Ex-Google/MIT leadership with proven track record\n- **Large Market**: $50B+ data analytics opportunity\n- **Product-Market Fit**: Strong enterprise demand and retention\n- **Competitive Advantage**: AI-powered natural language interface\n\n## Key Metrics\n- Growing 15% MoM\n- $125K MRR with strong unit economics\n- 4.2x LTV/CAC ratio\n- 18-month runway', 82.5),
('aa0e8400-e29b-41d4-a716-446655440002', '550e8400-e29b-41d4-a716-446655440002', '{"matches": [{"name": "Energy Impact Partners", "fit_score": 89, "focus": "CleanTech"}, {"name": "Breakthrough Energy Ventures", "fit_score": 86, "focus": "Climate Solutions"}, {"name": "Tesla Ventures", "fit_score": 82, "focus": "Sustainable Energy"}]}', ARRAY['SunPower (IPO success)', 'Enphase Energy ($20B+ market cap)', 'First Solar (established market leader)'], ARRAY['Complete pilot installations with major customers', 'Secure manufacturing partnerships', 'Obtain key certifications and patents'], '{"team": 8.8, "market": 9.2, "product": 8.1, "traction": 6.9, "financials": 7.4}', '# Investor Synopsis - GreenTech Solutions\n\n## Investment Highlights\n- **Breakthrough Technology**: 40% efficiency improvement over current solutions\n- **Massive Market**: $150B+ renewable energy opportunity\n- **Strong IP**: Patent-pending materials science innovation\n- **Experienced Team**: Deep cleantech and manufacturing expertise\n\n## Development Stage\n- Technology proven in lab conditions\n- Pilot installations underway\n- Manufacturing scale-up planned', 68.3),
('aa0e8400-e29b-41d4-a716-446655440003', '550e8400-e29b-41d4-a716-446655440003', '{"matches": [{"name": "General Catalyst", "fit_score": 94, "focus": "Healthcare Technology"}, {"name": "GV (Google Ventures)", "fit_score": 91, "focus": "Digital Health"}, {"name": "Thrive Capital", "fit_score": 87, "focus": "Healthcare Innovation"}]}', ARRAY['Teladoc ($18B+ market cap)', 'Amwell (IPO success)', 'MDLive (acquired by Cigna for $3.2B)'], ARRAY['Expand to 5 additional provinces', 'Integrate with major EHR systems', 'Add 10+ medical specialties'], '{"team": 9.5, "market": 9.1, "product": 9.0, "traction": 8.8, "financials": 9.2}', '# Investor Synopsis - HealthLink Pro\n\n## Investment Highlights\n- **Proven Team**: Former Teladoc CMO and Epic Systems leadership\n- **Strong Traction**: $450K MRR with 6.1x LTV/CAC\n- **Regulatory Compliance**: Full HIPAA and provincial healthcare compliance\n- **Network Effects**: Growing provider and patient networks\n\n## Market Position\n- Leading telemedicine platform in Canada\n- 15,800+ active patients\n- 4.7/5 patient satisfaction rating\n- Expanding to specialized care', 89.7),
('aa0e8400-e29b-41d4-a716-446655440004', '550e8400-e29b-41d4-a716-446655440004', '{"matches": [{"name": "Ribbit Capital", "fit_score": 76, "focus": "Fintech"}, {"name": "QED Investors", "fit_score": 74, "focus": "Financial Inclusion"}, {"name": "Accel Partners", "fit_score": 71, "focus": "Mobile Payments"}]}', ARRAY['M-Pesa (mobile money success)', 'Revolut ($33B valuation)', 'Chime (neobank success story)'], ARRAY['Achieve regulatory approval in target markets', 'Reach 100K+ active users', 'Demonstrate strong transaction volume growth', 'Build partnerships with major remittance providers'], '{"team": 7.8, "market": 8.9, "product": 7.2, "traction": 5.8, "financials": 6.1}', '# Investor Synopsis - FinSecure Wallet\n\n## Investment Highlights\n- **Massive Market**: $200B+ financial inclusion opportunity\n- **Unique Security**: Biometric authentication for unbanked populations\n- **Experienced Team**: Former PayPal and JP Morgan leadership\n- **Early Traction**: 12,500 active users in pilot markets\n\n## Early Stage Metrics\n- $8.5K MRR growing rapidly\n- $285K monthly transaction volume\n- 99.2% transaction success rate\n- 6-month runway - immediate funding need', 58.2),
('aa0e8400-e29b-41d4-a716-446655440005', '550e8400-e29b-41d4-a716-446655440005', '{"matches": [{"name": "Reach Capital", "fit_score": 88, "focus": "EdTech"}, {"name": "GSV Ventures", "fit_score": 85, "focus": "Education Innovation"}, {"name": "Owl Ventures", "fit_score": 83, "focus": "Learning Platforms"}]}', ARRAY['Khan Academy (massive impact)', 'Coursera (IPO success)', 'Duolingo ($6B+ market cap)'], ARRAY['Scale to 100K+ active students', 'Add corporate training vertical', 'Expand internationally', 'Enhance AI personalization'], '{"team": 8.6, "market": 8.4, "product": 8.1, "traction": 7.9, "financials": 8.1}', '# Investor Synopsis - EduStream\n\n## Investment Highlights\n- **Proven Education Team**: Former Pearson and Khan Academy leadership\n- **AI-Powered Personalization**: Advanced learning analytics and adaptation\n- **Strong Metrics**: 45K active students with 78.5% completion rate\n- **Scalable Model**: B2B2C approach with institutional and individual customers\n\n## Growth Trajectory\n- $95K MRR with healthy unit economics\n- 3.8x LTV/CAC ratio\n- Strong student engagement and outcomes\n- Expanding to corporate training market', 76.8);